{"cameraMode":{"drawMode":0,"name":"Shaded","section":"Shading Mode"},"sceneLighting":true,"audioPlay":false,"sceneViewState":{"m_AlwaysRefresh":false,"showFog":true,"showSkybox":true,"showFlares":true,"showImageEffects":true,"showParticleSystems":true,"showVisualEffectGraphs":true,"m_FxEnabled":true},"in2DMode":false,"pivot":{"x":352.07659912109377,"y":142.58815002441407,"z":68.28938293457031},"rotation":{"x":0.020808110013604165,"y":0.004494872875511646,"z":-0.00009376255911774933,"w":0.9997773766517639},"size":206.8490753173828,"orthographic":false}