{"cameraMode":{"drawMode":0,"name":"Shaded","section":"Shading Mode"},"sceneLighting":true,"audioPlay":false,"sceneViewState":{"m_AlwaysRefresh":false,"showFog":true,"showSkybox":true,"showFlares":true,"showImageEffects":true,"showParticleSystems":true,"showVisualEffectGraphs":true,"m_FxEnabled":true},"in2DMode":false,"pivot":{"x":86.97071838378906,"y":49.3737907409668,"z":27.563873291015626},"rotation":{"x":-0.014809006825089455,"y":-0.00290258158929646,"z":0.000043016512790927663,"w":-0.9998875856399536},"size":64.57696533203125,"orthographic":false}