{"cameraMode":{"drawMode":0,"name":"Shaded","section":"Shading Mode"},"sceneLighting":true,"audioPlay":false,"sceneViewState":{"m_AlwaysRefresh":false,"showFog":true,"showSkybox":true,"showFlares":true,"showImageEffects":true,"showParticleSystems":true,"showVisualEffectGraphs":true,"m_FxEnabled":true},"in2DMode":false,"pivot":{"x":0.997207522392273,"y":0.23011893033981324,"z":-1.9303293228149415},"rotation":{"x":0.02296190895140171,"y":-0.05595634877681732,"z":0.0012871436774730683,"w":0.9981697201728821},"size":5.466137886047363,"orthographic":false}