{"cameraMode":{"drawMode":0,"name":"Shaded","section":"Shading Mode"},"sceneLighting":true,"audioPlay":false,"sceneViewState":{"m_AlwaysRefresh":false,"showFog":true,"showSkybox":true,"showFlares":true,"showImageEffects":true,"showParticleSystems":true,"showVisualEffectGraphs":true,"m_FxEnabled":true},"in2DMode":false,"pivot":{"x":0.38738110661506655,"y":1.0007669925689698,"z":-2.3793985843658449},"rotation":{"x":0.047950517386198047,"y":-0.035951122641563418,"z":0.0017270433017984033,"w":0.9982038736343384},"size":5.957071781158447,"orthographic":false}