{"cameraMode":{"drawMode":0,"name":"Shaded","section":"Shading Mode"},"sceneLighting":true,"audioPlay":false,"sceneViewState":{"m_AlwaysRefresh":false,"showFog":true,"showSkybox":true,"showFlares":true,"showImageEffects":true,"showParticleSystems":true,"showVisualEffectGraphs":true,"m_FxEnabled":true},"in2DMode":false,"pivot":{"x":323.3956604003906,"y":165.19473266601563,"z":-10.423309326171875},"rotation":{"x":-0.005000149365514517,"y":0.002000025473535061,"z":-0.0000035074804145551754,"w":1.000023603439331},"size":190.18125915527345,"orthographic":false}