{"cameraMode":{"drawMode":0,"name":"Shaded","section":"Shading Mode"},"sceneLighting":true,"audioPlay":false,"sceneViewState":{"m_AlwaysRefresh":false,"showFog":true,"showSkybox":true,"showFlares":true,"showImageEffects":true,"showParticleSystems":true,"showVisualEffectGraphs":true,"m_FxEnabled":true},"in2DMode":false,"pivot":{"x":358.87908935546877,"y":179.18377685546876,"z":-109.48216247558594},"rotation":{"x":-0.004190243314951658,"y":-0.0035041363444179298,"z":-0.000014899756934028119,"w":0.9999905228614807},"size":182.08615112304688,"orthographic":false}