{"cameraMode":{"drawMode":0,"name":"Shaded","section":"Shading Mode"},"sceneLighting":true,"audioPlay":false,"sceneViewState":{"m_AlwaysRefresh":false,"showFog":true,"showSkybox":true,"showFlares":true,"showImageEffects":true,"showParticleSystems":true,"showVisualEffectGraphs":true,"m_FxEnabled":true},"in2DMode":false,"pivot":{"x":-1.1931350231170655,"y":-3.3902475833892824,"z":-0.15745991468429566},"rotation":{"x":0.23560988903045655,"y":-0.020406700670719148,"z":0.004946212284266949,"w":0.971626341342926},"size":9.716474533081055,"orthographic":false}